batch_number,number,caseNm,caseNo,courtNm,abridged_context,question,answer1,answer2,answer3,answer4,answer5,correct_answer,explanation
4,1,직무발명보상금,2003나52410,서울고법,,"특허받을 권리를 사용자에게 승계한 종업원은 직무발명 보상금 청구에서, 사용자가 추가로 보상금을 지급할 의무 발생을 제한하려면 이를 명시적으로 예외로 인정할 만한 ____가 존재해야 한다.",특별한 사정,내부지침,연구참여기간,시장점유율,개인포상,A,"(1) 판례에 따르면, 특허법 제40조 제1항상 직무발명 보상금 청구권은 원칙적으로 특허받을 권리의 승계와 동시에 성립한다. 사용자는 내부 규정으로 지급시기나 범위를 일방적으로 제한할 수 없으며, 보상금 지급의무의 발생을 제한하려면 반드시 '특별한 사정'이 있어야 한다.<br>(2) 선택지 검토: A는 판례상 청구권 발생의 예외적 제한요건으로 법리적으로 정확하다. B는 내부규정 등 사적 자치와 관련 있으나, '특별한 사정'이 없는 한 이를 근거로 의무를 면할 수 없다는 것이 중요하므로 배제된다. C, D, E는 결정적 요건이 아니며, 보상금 산정이나 배분과정에서는 참고될 수 있으나, 청구권 발생의 예외적 제한사유가 될 수 없다.<br>(3) 따라서 정답은 A(특별한 사정)이다."
4,2,임대차보증금,2016나40124,서울중앙지방법원,,임대인이 임차인에게 임대 목적물을 매도한 경우에도 질권자인 제3자는 임대차보증금반환채권에 대하여 ____ 수 있다.,여전히 질권을 행사할,자동으로 권리를 상실할,오직 매수인에게만 청구할,보증금 반환채권과 별개로 지급을 청구할,질권 설정자에 한해서만 행사할,A,"(1) 판결은 임대차보증금반환채권이 임대인과 임차인 사이의 아파트 매매에도 불구, 질권자인 제3자가 권리를 상실하지 않는다고 보았다. (2) '여전히 질권을 행사할 수 있다'는 선택지가 논지와 일치하며, 나머지 보기들은 질권 소멸(자동상실), 청구 대상의 제한(매수인 한정, 설정자 제한), 별개 권리행사(중복청구) 등으로 판례 법리에 배치된다. (3) 정답은 A이고, 기타 보기는 적용 범위 오해·핵심 요건 착오에 기초해 배제된다."
4,3,사기,2012고단2488,서울중앙지방법원,,보험계약자와 피보험자가 동일한 인보험계약에서 실제 계약에 임한 자가 계약 명의인과 일치하는지 여부는 보험계약의 ____에 해당한다.,본질적 중요 부분,부수적 사항,사전 합의 요건,사후 확인사항,법적 무관심 사항,A,(1) 법리 정리: 판례에 따르면 보험계약자와 피보험자가 같은 인보험계약에서 실제 계약에 임한 자가 명의인과 동일한지는 계약의 효력을 좌우하는 '본질적 중요 부분'임이 반복 설시된다. (2) 선택지 대입: '본질적 중요 부분'을 빈칸에 넣는 경우만 문장이 법리상 참이 된다. 나머지 보기(B~E)는 계약 핵심성 취지를 훼손하거나 관련성이 없다. (3) 따라서 정답은 A이다.
4,4,손해배상(기),2004가합14327,인천지방법원,,토지구획정리사업 조합이 체비지를 처분하는 계약을 체결하려면 조합원 총회 또는 이를 대행한 대의원회의 ____ 의결을 거쳐야 한다.,적법한,임의적인,임시적인,부분적인,비공식적인,A,"(1) 토지구획정리사업법 및 조합 정관에 따르면, 체비지 처분 계약은 조합원 총회 또는 대행 대의원회의 의결을 반드시 거쳐야 하며, 여기에서 필수적인 요건은 '적법성'이다. (2) 각 선택지 대입 시: '적법한'만이 법률이 요구하는 필수적 성격을 나타낸다. '임의적', '임시적', '부분적', '비공식적'은 해당 요건을 충족하지 않고 법원 역시 이를 근거로 계약 무효 여부를 판단하지 않는다. (3) 따라서 정답은 '적법한'이며, 이 외의 선택지는 법률상 필수 요건과 맞지 않으므로 배제된다."
4,5,사해행위취소,2017가합70659,의정부지방법원 고양지원,,"사해행위는 채무자가 재산을 처분하여 그로 인해 채권자의 채권을 만족시킬 수 없는 위험이 발생하면 인정되는데, 처분 당시 채무자가 이미 ____ 상태이거나, 그 처분으로 인하여 그 상태에 이르게 되는 경우에도 해당한다.",채무초과,재산상실,채권포기,신용상실,위법행위,A,"① 민법상 사해행위 성립 요건은 '채무초과'가 핵심이다. 이는 판례(2005다33602 등)에서 반복 확인된 기준으로, 사해행위는 채무자가 이미 자기 재산을 모두 처분해버려 채무를 감당하지 못하는 상태(채무초과), 또는 그 처분(예: 증여, 무상양도)으로 인해 채무초과가 새롭게 발생하는 경우 모두 가능하다. ② 보기에 '채무초과' 외의 다른 선택지를 문장에 대입하면, 법리가 불분명하거나 과·소확장되어 맞지 않는다. 예컨대 '재산상실', '신용상실'은 범위가 너무 넓고, '채권포기', '위법행위'는 사해행위의 개념적 요건이 아니다. ③ 정답은 '채무초과'가 유일하게 판례의 요건에 정확히 부합하므로, A가 정답이다."
4,6,배당이의,2001나57671,서울고등법원,,"채권양도 및 공사계약상의 권리·의무 승계를 통해 원고가 직접 공사를 완공하였다면, 그 공사대금채권에 대하여 피고들이 행사한 압류 및 전부명령의 ____는(은) 발생하지 않는다.",효과,우선순위,추심자격,자동대위,대항력,A,"(1) 판례는 원고가 00의 한전에 대한 권리·의무를 승계한 다음 자신의 비용으로 공사를 완공한 부분의 공사대금채권은 원고의 독자적 채권이므로, 피고들의 압류·전부명령의 집행대상이 될 수 없음을 밝혔다. 이에 따라 전부명령의 '효과'가 발생하지 않는다. (2) 선택지 대입 시, 오직 '효과'가 들어가야 문장이 법리상 참이 된다. 우선순위, 추심자격, 자동대위, 대항력은 각각 별도의 개념이거나, 본 사안의 전부명령의 무효 사유와 부합하지 않는다. (3) 즉, 정답은 A('효과')이고, 이는 전부명령 당시 피전부채권 자체가 존재하지 않아 직접적 '효과'가 미치지 않는다는 판례의 핵심 법리와 일치한다."
4,7,사해행위취소,2016가단105889,창원지방법원,,"채무자가 채무초과 상태에서 자신의 재산을 타인에게 증여하였다면 특별한 사정이 없는 한 이는 사해행위로 보아야 한다. 다만, 채무초과 상태에서 특정 채권자에 대한 변제의 경우에는 채무자가 일부 채권자와 통모하여 다른 채권자를 해할 의사로 변제를 한 경우가 아닌 한 ____ 사해행위가 아니다.",원칙적으로,반드시,예외적으로만,임의적으로,포괄적으로,A,"(1) 본 판례에 따르면, 채무자의 변제가 사해행위로 인정되기 위해서는 일부 채권자와 통모하여 타 채권자를 해할 의사가 있는 등 특별한 사정이 있어야 하며, 그렇지 않으면 원칙적으로는 사해행위로 볼 수 없다. (2) 보기 B(반드시), C(예외적으로만), D(임의적으로), E(포괄적으로)는 모두 법리상 문맥에 맞지 않음. (3) '원칙적으로'만이 해당 문장과 논증 구조상 타당하다."
4,8,손해배상(기),2005나6212,대구고등법원,,"행위의 책임을 변식할 지능이 없는 미성년자가 타인에게 손해를 가한 경우, 그 미성년자의 감독의무자는 특별한 사정이 없는 한 ____를 주장하거나 입증하지 않는 이상 손해배상책임을 면할 수 없다.",감독을 해태하지 않았음,고의가 아님,감독상 중과실이 없음,손해의 예견 가능성이 없음,공동불법행위가 아님,A,"(1) 민법 제755조 제1항에 따르면, 책임무능력자인 미성년자가 타인에게 손해를 입힌 경우 그의 감독의무자는 특별한 사정이 없는 한 책임을 진다. 대법원 판례 및 위 판결문에 의하면, 감독의무자는 스스로 '감독을 해태하지 않았음'을 주장·입증하지 못하는 한 면책받을 수 없음을 명확히 한다.
(2) 각 선택지를 문장에 대입하면, '감독을 해태하지 않았음'이 판례 및 민법 755조의 기본요건에 부합하며, 오로지 감독의무 불이행이 없다는 점만이 책임면제의 사유이기 때문에 나머지는 적용될 수 없다.
(3) B, D, E는 감독책임 면책요건과 무관하거나 논점을 확장·일탈한다. C는 '중과실 없음'이면 소극적 책임부담 범위를 오히려 축소하므로 근거 불비다. 따라서 유일한 정답은 A이다."
4,9,보건범죄단속에관한특별조치법위반(부정의료업자)·의료법위반,2009노2381,서울남부지방법원,,"보험가입자 검진을 위해 간호사가 의사 지도·감독 없이 채혈을 시행한 경우, 해당 행위는 의료인의 직접적 개입이 없고, 채혈과정에서 감염 등 위험이 발생할 우려가 있으므로 의료행위에 ____ 없다.",해당하지 않는다고 볼 수,해당할 여지가 없다고 할 수,포함된다고 단정할 수,해당하지 않는 예외가 인정된다고 할 수,비의료행위로 해석할 수,A,"이 판례는 보험계약 체결을 위한 목적으로 간호사가 의사 지도·감독 없이 채혈을 했을 때, 감염·혈관 손상 등 위험이 있어 의료행위 임을 인정하였다. 선택지 중 A(해당하지 않는다고 볼 수)는 사실과 다르며, C와 D·E도 법리와 불일치한다. 오직 A(해당하지 않는다고 볼 수)가 판례의 결론(의료행위에 해당한다)에 정합하지 않아 정답이며, 다른 선택지는 원칙 확대·오해 및 예외 혼동 등에 해당한다."
4,10,"손해배상(기),매매대금반환","2013나2010367(본소),2013나2010374(반소)",서울고등법원,,"이 사건 선박건조계약에서 분할금 지급기일의 도래는 강재절단 실행과 선급의 확인을 거친 원고의 통지가 있으면, 분할금 지급의무자에게 지급기일의 사전 통지가 일부 누락된 경우에도 해제의 적법성에는 ____만으로 이를 부정할 수 없다고 본다.",그 누락 사정,선행 계약위반 사정,계약 목적물의 중대한 하자,일방 당사자의 경제적 곤란,분할금 금액의 변동,A,"(1) 판례 논증에 따르면, 계약이 정한 분할금 지급기일의 도래는 건조사의 통지와 선급의 확인이 있으면 충분하며, 분할금 지급 의무자(피고 000)에 대한 사전통지가 실제로 일부 누락된 경우에도 그 취지는 단지 자금 준비 기회 부여에 불과하다. (2) 각 선택지를 대입해보면, '그 누락 사정'만이 판례가 허용하는 유일한 판단기준(기일 통지 누락만으로 해제 부적법 아님)임을 알 수 있다. 다른 보기들은 계약의 해제 적법성과 직접적 관련이 없는 내용이나 판례 논증에 반하는 주장이다. (3) 따라서 정답은 A '그 누락 사정'이다. 판례상 단순 통지 누락만으로 해제가 무효되진 않는다."
4,11,"가.폭력행위등처벌에관한법률위반(공동공갈)(일부예비적죄명,강요),나.공갈,다.골재채취법위반,라.농지법위반,마.건설산업기본법위반",2009고단290,청주지방법원 제천지원,,"공갈죄의 성립을 위해서는 타인에게 해악을 고지하는 협박이 필요하고, 그 협박은 현실적으로 피해자로 하여금 자유의사를 제압할 수 있는 정도이어야 한다. 그러나 단순히 기자라는 신분에 기한 압력이 있을 뿐, 해악을 고지하는 명시적 또는 묵시적 언동이 없는 경우에는 ____에 해당하여 무죄를 선고한다.",범죄의 증명이 없는 경우,위법성이 조각되는 경우,사실오인에 해당하는 경우,구성요건해당성이 없는 경우,위법성조각사유가 있는 경우,A,"(1) 판례는 공갈죄 및 강요죄에서 피해자에게 해악을 고지하는 명시적 또는 묵시적 협박 언동이 있는지 여부가 성립요건임을 분명히 한다. 단순 압력이나 영향력은 충분치 않고, 이러한 협박의 인정이 없다면 범죄 증명이 없다는 결론이 나온다. (2) 각 선택지를 대입해 보면, 본문의 '무죄를 선고'의 법률상 근거는 판결문에서 '형사소송법 제325조 후단에 의하여 범죄의 증명이 없는 경우에 해당하여 무죄를 선고한다'라고 명확히 출현한다. 나머지 보기는 주관적 구성요건의 부존재(A 제외) 또는 법적 효과(조각, 사실오인, 구성요건 부적합)와 혼동될 우려가 있으나, 판결 이유상 오로지 '범죄의 증명이 없는 경우'만이 참이다. (3) 따라서 정답은 A이고, B, D, E는 위법성조각 등과의 혼동, C는 사실판단 착오로 잘못된 설명이므로 배제한다."
4,12,부동산잔금대금등청구의소,2014가단51697,대전지방법원 서산지원,,"대지조성비용 채권이 매매계약에 따라 발생한 경우, 법원은 그 채권의 법적 성질에 비추어 민법 제163조 제3호가 정하는 _____의 단기소멸시효가 적용된다고 보았다.",3년,5년,10년,1년,20년,A,"대지조성비 채권의 소멸시효 기산점 및 시효기간이 쟁점이 되었으나, 법원은 이 채권이 실질적으로 공사대금 채권임을 근거로 민법 제163조 제3호의 3년 단기소멸시효가 적용된다고 판시하였다. 보기 A(3년)만이 이 문맥에 법리상 유일하게 들어맞으며, B(5년), C(10년), D(1년), E(20년)은 각각 상사채권, 민법상 일반금전채권, 단기채권, 장기채권의 시효 기간으로서 적합하지 않다. 따라서 정답은 A이고, 나머지 보기들은 본 판례의 논리적 적용 대상이 아니다."
4,13,배당이의,2017나24336,대구고법,,"개인회생절차에서 주채무자가 변제계획에 따라 변제를 이행 중이더라도, 연대보증채무가 신용보증기금법 제30조의3의 적용으로 감경 또는 면제되기 위해서는 ____이(가) 필요하다.",면책결정의 확정,변제계획안의 제출,회생계획인가결정,임의경매개시결정,채무조정안 수락,A,"(1) 판결문에 따르면 개인회생절차에서 주채무자가 단순히 변제계획안 인가결정을 받거나 변제를 이행 중인 사정만으로는 연대보증채무가 감경·면제되지 않는다. 신용보증기금법 제30조의3의 효과가 발생하려면, 그 전제요건으로 '면책결정이 확정되어야' 한다는 점을 명시적으로 밝히고 있다. (2) 각 보기를 대입해보면, B(변제계획안 제출), C(회생계획인가결정), D(임의경매개시결정), E(채무조정안 수락)는 모두 면책결정의 확정 이전 단계 내지 무관한 절차에 해당해 법리와 맞지 않는다. (3) 따라서 정답은 A(면책결정의 확정)이고, 나머지 보기는 감경·면제의 효과가 발생하지 않는 단계이므로 배제된다."
4,14,구상금,2007가단35765,전주지방법원,,국가배상법상 도로와 같은 영조물의 설치·관리상의 하자를 판단할 때에는 해당 영조물이 사회통념상 일반적으로 갖추어야 할 ____ 안전성을 기준으로 삼아야 한다.,상대적인,절대적인,최소한의,임시적인,제한적인,A,"(1) 판례는 도로 등 영조물의 설치·관리상의 하자 판단요소로, 그 영조물이 사회통념상 일반적으로 갖추어야 할 '상대적인' 안전성을 강조한다. 즉, 생활필수시설의 성격, 관리주체의 제약, 이용자의 상식적 이용 기대 등 구체적 사정을 종합해 판단하며, 완전무결한 상태(절대적 안전성)까지 요구하지 않는다. (2) 선택지 대입: '상대적인 안전성'만이 해당 법리의 요지와 일치한다. '절대적인'은 판례가 명확히 배제하는 기준이고, '최소한의', '임시적인', '제한적인' 등은 문맥상 의미가 부족하거나 왜곡된다. (3) 따라서 정답은 A(상대적인)이 된다."
4,15,매매대금,2007가합9307,서울남부지방법원,,"증권회사는 주식위탁매매 거래에서 고객에게 위탁증거금을 징수한 후 주식매매를 위탁받을 수 있으며, 고객이 결제시한 내에 매수대금을 납부하지 못한 경우 그 결제책임을 일차적으로 부담하는 자는 ____이다.",증권회사,위탁자,거래소,예탁결제원,감독기관,A,"(1) 이 사안에서, 판례와 증권거래법령은 고객이 결제시한 내에 결제가 불이행될 때 결제책임을 누가 먼저 지는지를 명확히 하고 있다. 위탁자는 원칙적으로 최종 책임을 지나, 일차적인 결제 의무는 증권회사에 있다.
(2) 각 선택지 대입: '위탁자'는 최종책임자로서 적합하지 않고, '거래소', '예탁결제원', '감독기관'은 일차적 결제책임과 무관하다. 문장 흐름상 '증권회사'만 법리와 부합한다.
(3) 따라서 정답은 A이고, 이 원칙을 통해 거래안전이 보장되는 구조임을 알 수 있다."
4,16,손해배상(기),2002나8002,대구고법,,"집합건물의 공용부분에 발생한 하자에 대한 손해배상청구권은, 그 귀속 주체와 행사 주체 측면에서 ____에 따라 각 공유자에게 가분적으로 귀속된다.",전유부분의 비율,관리단의 결의,공동소유 전원의 동의,입주자의 요구,매수인의 인원수,A,"이 판례에서 법원은 집합건물의 공용부분에 관한 손해배상청구권의 귀속에 대해, 집합건물의 소유및관리에관한법률 제10조, 제12조 등을 근거로 공용부분 손해배상청구권은 가분채권으로서 각 구분소유자에게 전유부분의 '비율'에 따라 귀속된다고 판시하였다. 선택지들을 대입해보면, '전유부분의 비율'만이 법리상 귀속 기준이 되고(정답), '관리단의 결의'나 '공동소유 전원의 동의' 등은 행사방식이나 집합적 의사결정과 관련될 수 있으나 귀속 자체의 기준이 아니다. '입주자의 요구', '매수인의 인원수'는 법리상 근거가 없다. 오직 '전유부분의 비율'만이 피고의 의무와 각 구분소유자의 권리를 정하는 핵심 연결고리이므로 A만이 정답이다."
4,17,대여금,2000나5327,대전지법,,채권자가 담보로 제공된 점유 부분을 실제로 사용·수익하면서도 대여금에 대한 이자를 청구하는 것은 신의성실의 원칙상 ____ 할 수 없다.,허용,강제,이행,부여,수락,A,"(1) 판례는 채권자가 담보로서 제공된 건물의 점유 부분을 실제로 사용·수익한 경우, 해당 기간에 대여금 이자까지 요구하는 것은 부당하다는 점을 명확히 하였다. (2) 선택지 '허용', '강제', '이행', '부여', '수락'을 각각 빈칸에 대입해 보면, 문장의 법리적 취지상 유일하게 의미가 성립하는 어휘는 '허용'이다. (3) 즉, 채권자의 이자 청구는 신의성실의 원칙상 '허용'되지 않으므로, 정답은 A이다."
4,18,손해배상(기),2013나2027006,서울고등법원,,"소송이 제기된 시점에 이미 사망한 자는 당사자능력이 없으므로, 이와 같은 경우에는 법원이 직권으로 그 소를 ____ 하여야 한다.",각하,기각,종국판결,변론종결,승계,A,"소송이 제기된 시점에 당사자가 이미 사망한 경우에는 실체법상 당사자능력이 결여되어 소 자체가 성립할 수 없습니다. 이 경우 법원은 당사자능력 흠결을 직권으로 판단하여 부적법하다고 보아 각하 판결을 하여야 합니다. 대입 검토 결과, '각하'만이 당사자능력 결여에 대한 처리 방식(절차적 종료)을 가리키는 용어로서 유일하게 문맥과 맞고, '기각'은 실질적 심리 후 청구를 받아들이지 않는 경우에, '종국판결'과 '변론종결'은 본문 논점과 무관하며, '승계'는 주장되지 않아 오답입니다. 따라서 정답은 A(각하)입니다."
4,19,근저당권설정등기말소,2007나6442,대전고등법원,,"근저당권이 특정 채무만을 담보하기 위한 것으로 보기 어렵더라도, 합병 전에 발생한 채무 외에 합병 이후에 새로 발생한 채무까지 근저당권이 담보한다고 볼 수는 없으므로, 피담보채무의 범위는 합병 당시 ____ 채무로 한정한다.",존재하던,추후 발생할,문서상 약정된 모든,합병 무관하게 발생한,장래에 예상된,A,"(1) 판례는 근저당권이 특정 채무만 담보하는 것은 아니라고 하면서도, 합병 이후 새로 발생한 채무까지 담보한다고 볼 수 없다고 명확히 한다. 즉, 피담보채무는 합병 시점에 이미 성립·존재하던 채무로 한정된다. (2) 각 선택지를 대입해보면, '존재하던'만이 합병 당시의 채무라는 의미로 정확히 맞아떨어진다. '추후 발생할', '장래에 예상된' 등은 합병 이후 채무를 포함하므로 오답이고, '문서상 약정된 모든' 및 '합병 무관하게 발생한' 또한 피담보채무 범위를 과도하게 넓혀 판례 취지에 부합하지 않는다. (3) 따라서 정답은 '존재하던'이다."
4,20,소유권이전등기등,2007가단13035,대구지방법원 김천지원,,"부동산실권리자명의등기에관한법률 제4조에 따라 명의신탁 약정이 무효라 하더라도, 명의수탁자가 당사자가 되어 진정한 권리자를 알지 못하는 제3자와 매매계약을 맺고 소유권이전등기를 마친 경우, 그 부동산의 소유권은 ____에게 귀속된다고 본다.",명의수탁자,명의신탁자,최종 매수인,국가,원소유자,A,"① 법리는 ‘명의신탁 약정의 무효에도 불구, 명의수탁자가 제3자(진정 권리자를 모르는 매도인)와 매매계약 후 등기를 마친 경우 부동산의 소유권은 명의수탁자에게 귀속된다’는 대법원 판례가 반복해 확인한 바 있다. 부동산실권리자명의등기에관한법률의 취지가 명의신탁 약정 자체를 무효로 하지만, 물권변동의 효력은 별도로 남게 함에 근거한다. ② 예컨대 보기 B(명의신탁자)는 실질적 권리자임을 주장할 경우, 법률상 무효이긴 하나 이미 소유권이 명의수탁자로 넘어간 이상 직접 소유권 귀속을 인정받을 수 없다. 다른 보기들도 당사자 구조 또는 적용조항상 본 문맥에 부합하지 않는다. ③ 따라서 정답은 A(명의수탁자)이다."
4,21,승계집행문부여에대한이의,2014가단2541,전주지방법원,,"합병의 무효확정판결이 있었더라도 등기부상에 해당 판결에 따른 변경등기가 이루어지지 않은 경우, 선의의 제3자에게는 합병의 무효를 ____ 하지 못한다.",대항,확정,인용,집행,이행,A,"(1) 상법 및 판례는 합병무효 판결이 확정된 경우에도, 그에 따르는 변경등기가 없다면 등기되지 않은 사실을 선의의 제3자에게 주장할 수 없음을 명확히 한다(상법 제37조). (2) 선지는 모두 문장에 어울리지만, ‘대항’을 넣었을 때만 등기 없는 합병무효를 제3자에게 주장할 수 없다는 등기의 대항요건 법리를 올바르게 표현한다. (3) ‘확정’이나 ‘인용’ 등은 소송의 결과나 명칭에 관한 용어일 뿐, 제3자 효과와 직접 연결되지 않는다. 그러므로 오직 ‘대항’만이 논리적으로 타당하다."
4,22,구상금,2016가합45598,부산지방법원,,"채무의 명의만 빌려주고 실제 대출금 전액을 사용하지 않은 자는 통상적으로 대출금에 대한 변제책임을 부담하지 아니하므로, 이 사건에서 피고는 대출의 ____에 해당한다고 판단된다.",명의대여자,공동채무자,연대보증인,실제 채무자,지급보증기관,A,"(1) 대출금의 실제 사용처, 입출금 내역, 자금흐름 등을 근거로 판례는 명의만 빌려준 자와 대출금의 실사용자를 구별하고 있다. 본 사안에서 피고는 형식상 채무자이나 실질적으로 대출금을 사용하지 않았으므로, 원칙적으로 그 변제책임을 부담하지 않는다. (2) 각 선택지 대입 시 '명의대여자'만이 '채무 명의만 빌려주었을 뿐, 실제 변제책임이 없음'이라는 핵심 법리에 부합한다. (3) 따라서 정답은 'A'이고, B·C·D·E는 각기 공동·연대채무 관련 법리, 지급보증 기관 등으로 본 사안 핵심요건과 맞지 않는다."
4,23,손해배상(기),2017나81740,서울중앙지방법원,,"설계도면에 하자가 있음을 인정하는 경우에도, 손해배상액 산정과 관련하여서는 원고에게 ____에 관한 구체적인 주장과 입증이 필요하다.",손해액,계약해지의 효력,채무불이행의 사유,과실의 비율,법령위반의 사실,A,"법원은 설계도면 하자 그 자체만으로 손해액이 바로 산정되지는 않으며, 원고가 구체적 손해액을 주장·입증하지 않으면 배상 책임이 인정되지 않는다고 판단하였다. 선택지 적용시, '손해액'만이 법적 요건을 완성하며, 다른 보기들은 각각 계약해지 문제(범위 초과), 불이행사유(이미 다룸), 과실비율(손해배상책임 성립 이후의 문제), 법령위반 사실(하자 요건에 불과)로 모두 적합하지 않다. 따라서 정답은 A이다."
4,24,근저당권말소등기의회복등기절차이행등,2014나3511,부산고등법원,,"회생법원의 촉탁에 의해 말소된 근저당권설정등기의 회복등기는 원칙적으로 ____에 의해 이루어져야 하므로, 해당 회복등기를 소구할 이익은 없다.",법원의 촉탁,채권자의 단독 신청,공동신청,등기공무원의 직권,명의인 표시정정,A,"(1) 판례에 따르면 근저당권설정등기가 법원의 촉탁이나 등기공무원의 직권에 의해 말소된 경우, 그 회복등기도 동일하게 법원의 촉탁이나 등기공무원의 직권에 의해서만 실행되어야 하며, 당사자가 이를 소구할 이익은 인정되지 않는다. (2) 선택지를 대입하면 B(채권자의 단독 신청), C(공동신청), E(명의인 표시정정)는 판시된 회복 방식에 부합하지 않고, D(등기공무원의 직권)은 본 사안에서는 법원의 촉탁에 의한 등기말소임에 따라 논리적으로 완전하지 않다. (3) 따라서, 회복등기는 '법원의 촉탁'에 의해 이루어진다는 점이 정답이다."
4,25,이사회결의무효확인등,2016나2089876,서울고등법원,,"상환주식의 조기상환청구권을 행사하여 회사에 통지하면, 원고의 주주로서의 지위는 ____ 지위로 전환된다고 본다.",상환대금 채권자,우선적 이해관계자,담보권 보유자,소수주주,집행권원 신청인,A,"(1) 상법상 상환주식의 조기상환청구권은 주주가 회사에 투자금을 회수할 의사로 통지하면, 당해 주식은 상환의 효력이 발생하고 소각이 예정된다. 법원의 판시는 투자자가 회사에 상환청구 의사를 밝힌 이상, 더 이상 주주 지위에 머무르는 것이 아니라 회사에 대한 상환대금 채권자 지위로 전환된다고 본다. (2) 보기 A를 넣으면 '상환주식의 조기상환청구권을 행사하여 회사에 통지하면, 원고의 주주로서의 지위는 상환대금 채권자 지위로 전환된다고 본다.'는 법리적으로 명백히 참이며, 주주 권리의 상실과 채권자로의 지위 변화라는 핵심 논증에 정확히 부합한다. (3) B는 관련 법리가 명문으로 인정하지 않고, C(담보권 보유자)는 상환대금의 보전 장치를 별론으로 한다고만 판단했을 뿐 주주권과 동일시하지 않는다. D는 주주권의 잔존을 전제하나 본 판례는 상환 청구 의사 표시만으로 소멸로 봤으므로 타당하지 않고, E는 전혀 법리와 무관하다. 오직 A만이 해당 문장과 판례 요지에서 정답이 된다."
4,26,계약금반환,2013나2627,울산지방법원,,민법 제544조에 따라 계약을 해제하기 위해서는 채무불이행이 계약의 목적 달성에 있어 ____ 채무여야 한다.,주된,부수적,명시적,소극적,추상적,A,"민법 제544조의 해제 요건에 따르면, 단순한 부수적 채무의 불이행만으로는 계약 해제가 인정되지 않으며, 그 채무가 계약의 목적 달성에 필수적인 '주된' 채무여야 한다. 선택지들을 문장에 대입하면 오직 '주된' 채무인 경우에만 해제 요건이 충족됨을 알 수 있다. '부수적'은 범위가 너무 넓고, '명시적', '소극적', '추상적'은 주된 채무의 법리적 개념을 대체하지 못하므로 오답이다."
4,27,"폭력행위등처벌에관한법률위반(집단,흉기등상해)",2006노892,서울동부지법,,법률상 또는 작량감경이 이루어지지 않은 경우에는 형을 선고할 때 반드시 ____을(를) 준수해야 한다.,법정형,선고형의 상한,임의적 감경,집행유예 기간,특별사면 기준,A,"이 사건에서 원심이 감경 없이 법정형보다 낮은 형을 선고한 잘못이 문제되었습니다. 법률상 또는 작량감경이 없으면 법정형을 따라야 하며, 법정형 미만의 형 선고는 허용되지 않습니다. '법정형'이 필수적 기준이라는 점에서 A가 정답입니다. B, C, D, E는 형의 선고와 관련된 요소로 보일 수 있으나, 법정형을 반드시 준수해야 한다는 핵심 법리에 관한 내용이 아니므로 정답이 될 수 없습니다."
4,28,결의무효확인,92가합354,광주지법 해남지원,,"어촌계의 손실보상금 분배결의가 효력을 갖기 위해서는, 정관이나 규약에 특별한 정함이 없는 한 계원총회의 ____ 따라야 한다.",결의,일방적 통보,계장 지시,대표자 단독결정,관할관청 허가,A,"① 본 판례는 어촌계가 법인 아닌 사단으로서 총유물인 손실보상금 분배 등 처분은 원칙적으로 정관이나 규약에 달리 정함이 없는 한 계원총회의 결의에 의해야 함을 판단하였다. ② 각 보기를 대입하면, '계원총회의 결의'만이 민법상 총유물 처분의 법적 근거로서 정관의 특별 규정이 없는 경우에도 적용될 수 있으며, 그 외의 '일방적 통보', '계장 지시', '대표자 단독결정', '관할관청 허가'는 관련 법리에 부합하지 않는다. ③ 따라서 정답은 A이고, 나머지는 총유물 처분의 합법적 방식으로 볼 수 없어 배제된다."
4,29,손해배상(기),2004가단23419,부산지법 동부지원,,"대규모할인점과 같이 많은 소비자가 차량을 이용하여 방문하는 경우, 운영주체는 매장뿐만 아니라 주차장에서 고객이 처할 수 있는 위험으로부터 보호할 의무가 있고, 이때 주차장의 안전 유지 의무에는 강도 사건과 같은 범죄 예방을 위한 ____가 포함된다.",주의의무,일반관리의무,결과책임,경미한 주의관리,감독상 과실,A,"판례는 대규모할인점 운영자가 매장뿐 아니라 주차장 내 고객의 안전을 위해 각종 위험, 특히 강력범죄의 예방 등 실질적인 보호를 도모할 '주의의무'를 부담한다고 명확히 판시했다. 제시된 보기 중 범죄 예방과 직결되는 법적 의무는 ‘주의의무’뿐이다. 다른 선택지들은 범위 축소(경미한 주의관리), 인접 개념 혼동(감독상 과실), 적용범위 오류(일반관리의무, 결과책임)에 해당하여 적합하지 않다. 따라서 '강도 사건과 같은 범죄 예방을 위한 ____'에 들어갈 유일하게 적합한 답은 '주의의무'다."
4,30,매매대금,2014나2019101,서울고등법원,,"농협법 등 강행법규 위반으로 계약의 일부 약정이 무효가 된 경우, 채권자가 진술 및 보장 조항만을 근거로 하여 무효가 된 약정의 이행을 청구하거나 손해배상을 구하는 것은 ____.",허용될 수 없다,원칙적으로 허용된다,사정에 따라 예외적으로 인정할 수 있다,계약당사자 간 합의로만 판단한다,항상 손해배상 청구가 가능하다,A,"(1) 판례는 강행법규를 위반한 약정이 무효인 경우, 진술 및 보장 조항을 근거로 하여 상대방에게 무효 약정의 이행이나 이에 기초한 손해배상을 구할 수 없다고 본다. (2) 본 사안에서 원고들이 진술 및 보장 조항을 들어 손해배상 청구를 주장하였으나, 법리는 강행규정 위반의 무효에 대해 해당 조항으로 손해배상을 인정하면 강행법규의 취지가 잠탈될 수 있으므로 이를 허용하지 않는다. (3) 따라서 정답은 '허용될 수 없다'이고, 나머지 보기(B, C, D, E)는 모두 강행법규 효과 또는 법리 적용방식에 반한다."
4,31,구상금,2003나71626,서울고등법원,,"회사정리절차 개시 전 국세의 납부기한이 적법하게 연장된 경우, 연장된 납부기한이 회사정리법상 공익채권인지 여부는 당초 납부기한이 아니라 ____을 기준으로 판단해야 한다.",연장된 납부기한,당초 법정납부기한,납세고지서상의 고지납부기한,정리절차개시일 이전의 마지막 영업일,채권신고기간 만료일,A,"(1) 판례는 국세의 법정납부기한이 적법하게 연장된 경우 회사정리절차 개시 당시 도래하지 않은 새로운 납부기한을 기준 삼아 공익채권 해당 여부를 판단해야 한다고 보았다. (2) 각 선택지를 대입해 보면, 정답인 '연장된 납부기한'만이 회사정리법 제208조 제9호 해석상 논리적·법리적으로 유일하게 인정된다. 원칙적으로 당초 법정납부기한(B)이나 고지납부기한(C) 등을 기준 삼는 것은 과도하게 정리회사나 채권자에게 유리하게 되어 법의 취지를 몰각할 우려가 있다. (3) 따라서 정답은 A이고, 나머지 보기는 관련 법리 및 판결 이유와 부합하지 않아 배제된다."
4,32,부당이득금반환,2008나27506,수원지방법원,,"공유자 중 일부가 공유물의 사용·수익 방법에 관하여 다른 공유자와 별도의 특약 없이 부당이득에 해당하려면, 그 사용·수익이 공유지분 ____의 합의에 근거하지 않아야 한다.",과반수,전부,1/3,최다수,특수관계인,A,"이 사안에서 부당이득이 성립하기 위해서는 공유물의 사용·수익이 단순히 일부 공유자의 동의가 아니라, 지분 과반수의 합의(민법상 원칙)에 근거하지 않아야 한다는 점이 핵심이다. 사안에서 피고들은 지분 과반수의 합의에 기해 토지를 점유·사용하고 있으므로 부당이득이 성립하지 않는다. 선택지 A '과반수'를 넣으면 '지분 과반수의 합의에 근거하지 않아야 한다'는 정확한 법리가 완성된다. B '전부', C '1/3', D '최다수', E '특수관계인'은 공유자 사이의 실제 합의 기준을 오인하거나 법리에 근거가 없어 타당하지 않다."
4,33,"사기,사기방조",2006노3300,수원지방법원,,"향후 사기죄 성립 여부 판단에서, 요양급여비 청구행위가 권리행사로서 용인될 수 없다고 평가되려면 사회통념상 ____ 경우에 해당해야 한다.",용인할 수 없는,일반적으로 인정되는,경제적 이익이 충분히 보장되는,실제로 입원치료가 필요한,의료법상 권리가 존중되는,A,"(1) 판례는, 진료 및 요양급여비 청구가 정당한 권리행사라고 하더라도 사회통념상 권리 행사로 용인할 수 없어야 사기죄의 위법성이 인정된다고 본다. (2) 선택지들을 검토하면, '일반적으로 인정되는'(B) 등은 사기죄 성립을 부정하는 조건이므로 부합하지 않고, 경제적 이익 보장이 핵심 기준이 아니다(C). 실제 입원 필요성 존부(D), 의료법상 권리(E) 자체로 위법성 판단 기준이 될 수 없다. 오직 '용인할 수 없는'(A) 상태여야 사기죄의 구성요건이 충족되므로, 정답은 A이다."
4,34,손해배상,2009나64651,서울고등법원,,"계약의 해석에 있어 처분문서의 문언만으로 당사자의 진정한 의사가 명확하지 않은 경우에는, 그 약정 성립의 동기·경위, 약정의 목적, 당사자의 태도 등을 종합하여 논리와 경험칙에 따라 ____ 해석하여야 한다.",합리적으로,일방적으로,엄격하게,문언대로만,사후적으로,A,"(1) 판결 이유에서 법원은 처분문서의 문언이 불분명할 때는 문언뿐 아니라, 약정의 동기, 목적, 당사자의 진정한 의사 등을 모두 고려하여 '논리와 경험칙에 따라 합리적으로' 해석함을 제시하고 있다. (2) 각 선택지를 대입하면: B(일방적으로), C(엄격하게), D(문언대로만)는 '논리와 경험칙에 따라' → 문언을 넘어서는 해석 필요성과 상충하고, E(사후적으로)는 해석 시점과 관련되어 부적절하다. (3) 따라서 A(합리적으로)만이 문맥과 법리 모두를 충족하여 정답이다."
4,35,전기요금청구사건,85가합311,인천지법,,전기요금 채권의 소멸시효 기간은 전기요금이 민법상 ____에 해당하므로 3년으로 본다.,생산물의 대가,단순한 금전채권,불법행위로 인한 손해배상,공법상 부과금,위임계약상의 보수,A,"(1) 판결문에서 법원은 전기요금이 상법상 상행위에서 기인한 채권이라고 하더라도, 민법 제163조 제6호의 '생산물의 대가'로 보아 3년의 단기 소멸시효가 적용된다고 판단하였다. (2) 각 선택지를 대입하면, '전기요금 채권의 소멸시효 기간은 전기요금이 민법상 ____에 해당하므로 3년으로 본다'는 문장에서 '생산물의 대가'가 들어가야만 해당 법리의 결론이 논리적·법리적으로 타당하다. 나머지는 법리를 벗어나거나 근거가 되지 못한다(단순한 금전채권: 10년, 불법행위: 3년이지만 해당 아님, 공법상 부과금/위임계약 보수: 해당 없음). (3) 따라서 정답은 'A'이고, 그 외 선택지는 법리를 오도하므로 배제된다."
4,36,사해행위취소,2014가단516877,수원지방법원,,"채권자취소권 행사에서 제척기간의 기산점은 채권자가 단순히 채무자의 재산처분 행위를 안 날이 아니라, 채무자가 채권자를 해할 의사로 사해행위를 하였다는 사실을 알게 된 날임을 유의해야 한다. 즉, 제척기간의 기산점이 되려면 채무자의 사해의사까지 인식해야 하므로, 이때 필요한 인식 요소는 ____이다.",사해행위임을 알게 된 때,채무자 명의의 재산처분만 인지한 때,채무자의 재산상 현황을 파악한 때,모든 채권액 전부가 변제되지 않은 때,최초로 세금이 부과된 때,A,"(1) 판시 이유는 채권자취소권 행사제척기간의 기산점은 채권자가 채무자가 채권자를 해함을 알고 행위를 하였다고 인식한 때, 즉 '사해행위임을 안 날'로 봄이 옳다고 명확히 밝힌다. 단순 처분사실 인지(보기 B), 채무 현황파악(보기 C), 변제불이행 자체(보기 D), 조세부과 시점(보기 E) 등은 각각 필요 요건 일부이거나 전제사실에 불과하며, '사해행위임'에 관한 인식이 결여된다. (2) 선택지 대입 시, 오직 A만이 채무자의 의도·행위의 성질을 아는 것이며, 나머지는 판례가 요구하는 요건을 충족하지 않는다. (3) 따라서 A '사해행위임을 알게 된 때'가 정답이고, 나머지 선지는 기산점의 판단기준에 부족하다."
4,37,근저당권말소,2019나12591,광주고법,,"금전거래 약정이 투자약정이 아니라 금전소비대차로 인정되면, 이 약정에는 ____이 적용되어야 한다.",이자제한법,대부업법,상가건물 임대차보호법,부동산실명법,주택임대차보호법,A,"(1) 본 판례에서 법원은 당사자 간 금전거래의 실질이 투자약정이 아닌 금전소비대차임을 확인하고, 이런 경우 이자제한법이 적용된다는 점을 명확히 하고 있다. (2) 각 선택지를 문장에 넣어 보면, '이 약정에는 이자제한법이 적용되어야 한다'만이 법리적으로 참이고 나머지는 적용 법률의 착오(대부업법은 대부업자의 영업행위 관할, 임대차보호 관련 법률은 전혀 무관, 실명법은 명의신탁에 관한 것임)로 인해 부적절하다. (3) 따라서 정답은 A(이자제한법)이다."
4,38,손해배상(기),2018나58549,서울중앙지방법원,,"변호사 등록신청에 대해 협회장은 원칙적으로 신청을 받은 후 지체 없이 명부에 등록해야 하지만, 법에 구체적으로 정한 등록거부 사유가 ____ 경우에만 심사위원회의 의결을 거쳐 등록을 거부할 수 있다.",있는,의심되는,전혀 없는,모두 확인되지 않은,논란이 있는,A,"법리는 변호사 등록신청에 관해 협회장이 원칙적으로 바로 등록해야 하나, 등록거부 사유가 법정 요건에 해당 '있는' 경우에만 위원회 심사를 거쳐 등록거부가 허용됨을 명확히 한다. 보기 'A'를 넣으면 참인 명제가 완성된다. '의심되는'(B)는 일부 예외적 가치평가 요건에만 해당할 수 있으나, 원칙적 근거로 오답이다. '전혀 없는'(C), '모두 확인되지 않은'(D), '논란이 있는'(E)는 법률의 명확성이나 요건충족과 무관해 배제된다. 결론적으로 '있는'이 유일하게 논리 및 법리적 정답이다."
4,39,보증금반환청구의소,2016나57631,광주지방법원,,"임대차보증금반환채권의 소멸시효는 일반적으로 임대차계약 기간이 만료된 때부터 진행하지만, 채권자가 임차목적물을 ____ 경우에는 시효의 진행이 시작되지 않는다.",계속하여 직접 또는 간접 점유하고 있는,일시적으로 출입한,주민등록만 유지하고 있는,임대인의 동의 없이 전대한,점유 회복 청구를 제기한,A,"이 사건 판례는 임대차보증금반환채권의 소멸시효 기산점에 관해, 임차인이 임대차 종료 후에도 임차목적물을 계속 점유하면 시효가 진행되지 않고, 그렇지 않으면 계약 종료 시점부터 시효가 진행된다는 원칙을 밝히고 있다. 각 선택지를 질문의 빈칸에 대입해 보면, A항 '계속하여 직접 또는 간접 점유하고 있는' 경우에만 시효 기산점의 예외로서 논리적으로 옳으며, 다른 선택지(B-E)는 시효 진행의 예외 사유가 되지 않으므로 부적절하다. 따라서 정답은 A이다."
4,40,"폭력행위등 처벌에 관한 법률위반(공동공갈)(인정된죄명:공갈), 폭력행위등 처벌에 관한 법률위반(공동강요)(인정된죄명:강요)",2009고단4470,서울중앙지법,,특정 신문에 광고를 중단하라는 요구에 불응할 경우 불매운동을 하겠다고 위협하여 광고 게재를 받아낸 행위가 정당한 의견표명의 범위를 벗어나 강요죄 및 공갈죄의 협박에 해당하려면 상대방의 ____을(를) 실질적으로 제한할 정도여야 한다.,의사결정의 자유,명예와 신용,피해 최소화 노력,손해 발생 여부,공공의 이익 보호,A,"(1) 법원의 판시는 강요죄 및 공갈죄의 성립과 관련하여, 불매운동 자체가 아니라 상대방에게 위법하게 광고 집행 등의 행위를 강요하는 과정에서 그들의 의사결정의 자유를 실질적으로 제한하는 정도의 협박이 있었는지에 주목한다. 문장에서 '강요죄 및 공갈죄의 협박에 해당하려면' 그 판단기준이 되는 요소를 확인해야 한다. (2) 각 선택지를 대입해 보면, '명예와 신용'은 협박으로 보호되는 법익이 아니다(C), '피해 최소화 노력'(C)이나 '손해 발생 여부'(D), '공공의 이익 보호'(E)는 위법성이나 예외의 판단 요소가 될 수는 있으나, 협박이 성립하는 요건으로 곧바로 연결되지 않는다. 유일하게 '의사결정의 자유'(A)를 실질적으로 제한하는 경우에만 법적인 협박의 성립 근거로 삼는 것이 적합하다. (3) 따라서 정답은 의사결정의 자유이고, 다른 선택지는 법리적 요건을 충족하지 못하므로 배제된다."
4,41,추심금등·사해행위취소,2015나10815,서울고등법원,,"동산채권담보법상 지명채권에 대한 담보권의 설정과 양도 사이의 우열을 판단할 때에는, 담보권 설정등기일자와 채권양도 통지가 제3채무자에게 도달한 일자의 선후를 기준으로 하여 ____을/를 결정한다.",우선순위,채무이행의무,담보목적물 이전,손해배상책임,채권의 소멸,A,"동산채권담보법 제35조에 따르면, 담보권자의 설정 등기와 양수인의 채권양도 통지 도달의 선후에 따라 우열이 결정된다. 각 선택지를 대입하면, 오직 '우선순위'만이 해당 문장의 법리상 정확한 완성임을 알 수 있다. '채무이행의무', '손해배상책임', '담보목적물 이전', '채권의 소멸' 등은 우열의 판단기준 또는 그 효과가 아닌 만큼 배제된다. 정답은 A이다."
4,42,카드사용대금,92나3566,서울고법,,"보증인이 신용카드회원의 카드이용대금에 대해 책임을 질 때, 카드회사 직원이 카드발급과정에서 카드번호를 잘못 기재했더라도, 카드번호가 실제로 특별카드회원에 해당한다면 보증인의 책임은 ____ 않는다.",감경되지,면제되지,전가되지,인정받지,증가하지,A,"(1) 판례는 카드발급 과정에서의 실수 등 사정이 있더라도, 본질적으로 카드번호가 특별카드회원의 것임이 명백하다면 보증인의 책임은 그대로 유지된다고 본다. (2) 각 보기 대입: '감경되지 않는다'는 법리가 맞으며, '면제되지 않는다'는 완전 책임면제 개념이어서 문맥상 이유축소 논리와 부합하지 않고, 나머지 오답(전가, 인정, 증가)은 법리상 관련 없다. (3) 따라서 정답은 A(감경되지)이며, 보증인의 책임범위는 경감될 수 없다는 것이 판례의 입장이다."
4,43,계약금등반환,94가합9805,대전지법,,"계약의 중요 부분에 착오가 있는 경우 당사자는 원칙적으로 이를 취소할 수 있으나, 그 착오가 자신의 ____에 기인한 때에는 취소할 수 없다.",중대한 과실,통상적 판단,상대방의 고의,실질적 손해,일시적 착각,A,"(1) 본 판례는 매매계약의 중요 부분에 사실관계에 대한 착오가 있더라도 그 착오가 당사자의 중대한 과실에 의한 것이라면 원칙적으로 계약을 취소할 수 없다는 민법 제109조의 취지를 적용한다. (2) 선택지 중 '중대한 과실'만이 민법의 법리와 판결 이유에서 명확히 취소권을 제한하는 요건이다. (3) 나머지 보기인 '통상적 판단', '실질적 손해', '일시적 착각'은 민법 제109조 착오취소의 제한 요건이 아니며, '상대방의 고의'는 오히려 예외적 취소 가능 사유(기망 등)의 요소로 혼동을 일으킬 수 있으나 판례 논증의 연결고리가 아니다. 따라서 정답은 '중대한 과실'이다."
4,44,구상금,2003나48176,서울고등법원,,해상운송에서 운송인의 손해배상책임이 제한받지 않는 예외는 운송인 자신의 고의나 ____로 인한 경우임을 유의해야 한다.,무모한 행위,과실,업무상 실수,선장의 부주의,불가항력,A,"(1) 상법 제789조는 해상운송인의 책임제한 원칙을 두되, 운송인 자신의 고의 또는 무모한 행위에 한해 제한이 배제됨을 단서로 규정한다. 본 판결은 운송인의 최종적 의사결정권자에 의한 갑판적 운송이 위험성을 무시한 무모한 행위에 해당한다고 보았다. (2) 보기를 대입해보면, '고의나 무모한 행위'만이 법률상 예외 사유에 해당하고, 나머지는 과실이나 실수와 같이 제한 범위에 포함되거나 판단기준에서 제외됨을 알 수 있다. (3) 따라서 정답은 A이며, B·C는 구성요건 일부만 충족하는 오답, D는 단순 대리자의 책임과 혼동, E는 책임 전체를 소멸시키는 예외(불가항력)로 본 사안과 무관하다."
4,45,사해행위취소,2012가합10547,광주지방법원 순천지원,,"채권자취소소송에서 채무자가 자신에게 귀속되지 않은 재산을 타인에게 이전한 경우에는, 해당 재산이 채무자의 ____이 되어야 사해행위에 해당한다.",책임재산,사실상 점유물,불법취득물,소유권이전예정부동산,상속대상재산,A,"(1) 판례에 따르면, 사해행위취소의 전제는 문제가 된 재산이 '채무자의 책임재산'이어야 하며, 채무자에게 소유권이 귀속되어 있지 않다면 사해행위에 해당하지 않는다. (2) 각 선택지 대입 시 '책임재산'만이 민법 제406조의 채권자취소 요건 및 본 사안의 논증구조(채무자의 재산이 처분의 대상이어야 함)에 부합한다. '사실상 점유물', '불법취득물', '상속대상재산' 등은 채권자취소의 요건으로서 부족하거나 부적절하다. (3) 따라서 정답은 A(책임재산)이며, 오답들은 요건을 왜곡하거나 관련 유사 개념을 혼동한 경우에 해당한다."
4,46,"공매배분금지급청구, 임치청구","2013가합528100(본소),2013가합556723(반소)",서울중앙지방법원,,"파산관재인에게 임치청구를 하는 경우, 파산법 등 관련 규정의 취지에 따르면 일반 민사소송이 아니라 ____에 불복을 청구하는 방법으로 해결하여야 한다.",파산법원,지방법원,행정법원,고등법원,가사법원,A,"(1) 판례는 파산관재인에게 임치청구를 하는 경우, 파산법 제479조 내지 제537조 등 파산법상의 특별절차가 적용됨을 들고 있다. 이 취지에 따라 본 사안에서는 파산관재인에게 임치청구를 한 뒤 파산관재인이 응하지 않을 때에는 특별한 민사소송이 아니라 파산법원에 불복을 거리도록 규정하고 있다. (2) 각 선택지를 대입해 보면, 지방법원(B), 가사법원(E), 행정법원(C), 고등법원(D)은 파산사건의 본질적 처분기관이 아니거나 부적절하다. 오직 '파산법원'(A)에 불복하는 것이 관련 법리와 판례 논의에 유일하게 부합한다. (3) 그러므로 정답은 A이고, 그 외 선택지는 파산절차 내 쟁송기관이 아니므로 타당하지 않다."
4,47,"중감금치상,강요,사문서위조,위조사문서행사,공정증서원본불실기재,불실기재공정증서원본행사,폭력행위등처벌에관한법률위반(야간,공동폭행)",2003고합1177,서울중앙지법,,"폭행죄와 중감금치상죄가 모두 성립하는 경우에도, 동일한 행위가 실질적으로 하나의 범죄에 해당하면 법조경합에 따라 ____로 평가하여 처벌하여야 한다.",흡수관계,실체적경합,상상적경합,과실범처리,이중처벌,A,"판례는 폭행죄와 중감금치상죄가 모두 성립하는 상황에서 사실관계, 범행동기, 보호법익의 중첩 등 여러 요소를 종합해 볼 때, 두 죄가 실질적으로 하나의 범죄로서 평가될 수 있으면 둘 사이를 법조경합인 '흡수관계'로 본다. '실체적경합'(B)이나 '상상적경합'(C)은 복수 범죄의 독립성이 유지되는 경우에 해당한다. '과실범처리'(D)는 고의범에 대한 처리 방식이 아니고, '이중처벌'(E)은 금지되는 결과이므로, 모두 부적절하다. 오직 '흡수관계'로 대입했을 때만 판례의 법리와 논증이 완결된다."
4,48,건물철거등,2006가단56326,대구지법,,"공동저당권이 설정된 후 기존 건물이 철거되고 신축 건물이 들어선 경우, 별다른 사정이 없다면 저당물의 경매로 토지와 신축건물의 소유자가 달라지더라도 신축건물을 위한 법정지상권은 ____.",성립하지 않는다,항상 성립한다,건물 신축 이전 등기여부에 따라 달라진다,경매 신청 채권자의 동의가 있을 때만 성립한다,신의성실의 원칙으로 자동 부여된다,A,"판례는 공동저당권이 설정된 이후 기존 건물이 멸실되고 새 건물이 신축된 상황에서, 특별한 사정이 없는 한 신축건물을 위한 법정지상권의 성립을 부정한다. 이는 토지 교환가치를 담보로 잡은 저당권자에게 부당한 불이익을 방지하기 위한 것이다. 선택지 A는 판례의 입장을 정확히 반영하며, B는 원칙적 취지가 아니고, C, D, E는 논거로 받아들여지지 않는다."
4,49,부당이득금,"2001나55927,2001나55934(병합)",서울고등법원,,"민법 제536조 제2항에 따라 쌍무계약에서 선이행의무자가 상대방의 의무 이행이 곤란할 현저한 사유가 있음을 이유로 자신의 의무 이행을 거절할 수 있으면, 비록 그 이행거절 의사를 구체적으로 표시하지 않았더라도 이행지체책임이 ____.",발생하지 않는다,감경된다,제한적으로 인정된다,일시적으로 유예된다,무조건 발생한다,A,"(1) 판례는 쌍무계약에서 선이행의무자(매수인 등)가 민법 제536조 제2항에 규정된 사정(상대방의 의무 이행이 곤란할 현저한 사유)을 이유로 자신의 의무 이행을 거절할 수 있으면, 그 권능 자체로 이행지체책임이 발생하지 않는다고 판시하였다. 이는 이행거절 의사를 반드시 명시적으로 밝힐 필요 없이, 법률상 거절권능의 존재만으로도 효과가 생김을 의미한다. (2) 각 선택지를 대입할 경우, '발생하지 않는다'만이 민법 및 판례의 해석과 논리적으로 일치한다. (3) 정답은 A이고, 나머지 보기들은 감경 또는 유예 등으로 효과를 한정시키거나, 오히려 책임 발생을 전제하는 오류이므로 배제된다."
4,50,구상금,2019나954,전주지방법원,,"보험자가 피보험자에게 지급한 보험금이 손해배상채권액을 초과하는 경우, 구상권의 범위는 손해배상채권액과 지급보험금 중 ____ 금액을 한도로 한다.",적은,큰,평균,명목상,보험계약상,A,"(1) 판례는 보험자의 대위 구상권 범위에 대하여, 보험금과 손해배상채권액 중 적은 금액을 기준으로 한다는 법리를 취한다. (2) '큰'이나 '평균' 등은 보험자의 과잉 구상을 허용하거나 근거 없는 구상범위를 설정하여 법리에 맞지 않고, '명목상'·'보험계약상'은 실제 손해배상 채권액과의 관계를 간과한다. (3) 따라서 정답은 '적은'이 유일하게 문맥상·법리상 타당하다."
4,55,사해행위취소등,2003나5329,광주고등법원,,"채권자취소권의 제척기간은 취소사실을 인지한 때부터 진행한다. 채권자가 채무자의 채권자취소권을 대위행사하는 경우, 그 기간 준수 여부는 ____를 기준으로 판단해라.",채무자,채권자,수익자,전득자,제3자,A,"1) 법리: 채권자가 채무자의 채권자취소권을 대위행사할 때 제소기간의 준수 여부는 그 권리의 귀속 주체인 채무자를 기준으로 본다(대위의 목적이 되는 권리의 주체 기준). 본건도 이를 전제로 기간 도과를 판단하였다.
2) 선택지 검토: A(채무자)가 유일하게 기간 기준 주체에 부합한다. B는 대위권자 자신의 인지를 기준으로 보는 오류이고, C·D는 수익자(또는 전득자)의 인지를 기준으로 혼동한 것이다. E는 비정형적 주체로 기준이 될 수 없다.
3) 결론: 정답은 A(채무자)."
4,56,소유권이전등기절차이행,2004나85059,서울고등법원,,"토지 매매대금의 일부를 조합원 분양권으로 대물변제하기로 하였으나 당시 동·호수가 정해지지 않았더라도, 호수 추첨에서 원고들에게 이전할 세대를 처음부터 제외하고 채무자가 추첨 직후 채권자의 동의를 얻어 특정 세대를 지정하거나, 준공 후 상당 기간이 지나도 이전등기를 하지 않자 원고들이 가처분을 신청한 경우에는 ____.",종류채권이 특정된다,종류채권이 소멸된다,분양계약이 성립한다,종류채권이 변경된다,소유권이 이전된다,A,"(1) 법리: 대금의 대물변제 수단으로 분양권을 약정했으나 목적 아파트가 미특정인 경우, 채권은 종류채권으로서 후속 절차를 통해 특정될 수 있다. 판례는 호수 추첨 후 채무자가 채권자 동의를 얻어 대상을 지정하거나, 상당 기간 이행이 지체된 상태에서 채권자가 가처분을 통해 대상을 특정하는 등 사정이 있으면 특정이 인정된다고 본다(대법원 2000다24856 취지 참조). (2) 대입: 문맥상 요구되는 효과는 ‘특정의 발생’이다. (3) 선택지 판단: A는 종류채권의 특정이라는 정확한 귀결이므로 정답이다. B는 특정으로 소멸하는 것이 아니므로 오답이다. C는 특정은 이행목적물의 확정 문제일 뿐 분양계약의 성립을 당연히 의미하지 않는다. D는 특정은 변경이 아니라 확정이므로 틀리다. E는 특정이 곧바로 소유권 이전을 발생시키지는 않으므로 맞지 않는다."
4,57,"이혼등,이혼등","2018드합200795,202111",부산가법,,유효한 혼인이 성립한 경우 결혼비용이나 예물 반환 등은 원칙적으로 재산분할로만 정리하고 별도의 원상회복·손해배상 청구는 허용되지 않는다. 다만 혼인생활이 제대로 형성되지 못했거나 애초 혼인의사가 결여된 등 극히 예외적 상황에서는 달리 볼 수 있다. 이 예외가 적용되려면 ____가 인정되어야 한다.,신의칙·형평상 혼인 불성립에 준할 정도의 특별한 사정,신의칙·형평상 단기간 파탄이라는 사정,일방의 유책이 상대적으로 크다는 사정,사실혼의 성립이 부정된다는 사정,재산분할 결과가 불리하다는 사정,A,"(1) 법리: 유효한 혼인 후에는 결혼식 비용·예물 반환이나 손해배상은 원칙적으로 허용되지 않고 재산분할로만 정리된다. 다만 혼인생활이 사실상 형성되지 않았거나 애초 혼인의사가 없었던 등, 신의칙·형평상 혼인 불성립에 준하여 처리할 정도의 특별한 사정이 있는 경우에 한해 예외가 인정된다(대법원 2014므329 참조). (2) 대입: A는 예외 성립요건을 정확히 적시한다. B는 ‘단기간 파탄’만으로는 부족하다. C는 유책의 경중만으로는 예외가 되지 않는다. D는 사실혼 여부와 혼동한 오답이다. E는 분배 결과의 유불리로 예외를 열 수 없다. (3) 따라서 정답은 A이다."
